{
  "centroids": [
    -0.21684650410000594,
    -0.13616190108572493,
    -0.07679054677023689,
    -0.024921869224985297,
    0.024921869224985297,
    0.07679054677023689,
    0.13616190108572493,
    0.21684650410000594
  ],
  "boundaries": [
    -1.0,
    -0.17650420259286542,
    -0.10647622392798091,
    -0.05085620799761109,
    0.0,
    0.05085620799761109,
    0.10647622392798091,
    0.17650420259286542,
    1.0
  ],
  "mse_per_coord": 0.0003518070530126959,
  "mse_total": 0.03377347708921881,
  "d": 96,
  "bits": 3
}