{
  "centroids": [
    -0.08164609157049232,
    0.08164609157049232
  ],
  "boundaries": [
    -1.0,
    0.0,
    1.0
  ],
  "mse_per_coord": 0.0037505823979295055,
  "mse_total": 0.3600559102012325,
  "d": 96,
  "bits": 1
}