{
  "centroids": [
    -0.2729300622459021,
    -0.20798895005791168,
    -0.16323177577094028,
    -0.12701744830460907,
    -0.09542378609197646,
    -0.06657162300094155,
    -0.03935824060507191,
    -0.013026431531007925,
    0.013026431531007956,
    0.03935824060507197,
    0.06657162300094162,
    0.09542378609197656,
    0.12701744830460918,
    0.16323177577094036,
    0.2079889500579118,
    0.2729300622459022
  ],
  "boundaries": [
    -1.0,
    -0.2404595061519069,
    -0.18561036291442598,
    -0.14512461203777466,
    -0.11122061719829276,
    -0.080997704546459,
    -0.05296493180300673,
    -0.026192336068039918,
    1.5612511283791264e-17,
    0.026192336068039963,
    0.05296493180300679,
    0.08099770454645909,
    0.11122061719829288,
    0.14512461203777477,
    0.18561036291442606,
    0.240459506151907,
    1.0
  ],
  "mse_per_coord": 9.63893104040097e-05,
  "mse_total": 0.009253373798784931,
  "d": 96,
  "bits": 4
}