{
  "centroids": [
    -0.15344403002780357,
    -0.04616629543827006,
    0.04616629543827003,
    0.1534440300278035
  ],
  "boundaries": [
    -1.0,
    -0.09980516273303681,
    -1.734723475976807e-17,
    0.09980516273303676,
    1.0
  ],
  "mse_per_coord": 0.001203206178440406,
  "mse_total": 0.11550779313027898,
  "d": 96,
  "bits": 2
}